network;Device;Adresse-IP;Racine-nom-CVS;Numversion:1.7;DateRevision: 28/07/2022
RCM;ANS-C01/DG/CB.1;172.17.27.3;ANS-C01_B0702_MOS1_parameters;;
RCM;ANS-C01/DG/CB.2;172.17.27.61;D01-03DX_B0725_MOS1_parameters;;
RCM;ANS-C01/DG/CB.3;172.17.27.66;ANS-C01_B0702_MOS2_parameters;;
RCM;ANS-C02/DG/CB.1;172.17.27.8;ANS-C03_B0723_MOS1_parameters;;
RCM;ANS-C02/DG/CB.2;172.17.27.9;ANS-C03_B0723_MOS2_parameters;;
RCM;ANS-C02/RF/CB.1;172.17.27.5;ANS-C02_B0503_MOS1_parameters;;
RCM;ANS-C03/RF/CB.1;172.17.27.7;ANS-C03_B0509_MOS1_parameters;;
RCM;ANS-C04/DG/CB.1;172.17.27.14;ANS-C04_B0724_MOS1_parameters;;
RCM;ANS-C04/DG/CB.2;172.17.27.15;ANS-C04_B0724_MOS2_parameters;;
RCM;ANS-C06/DG/CB.1;172.17.27.20;ANS-C06_B0726_MOS1_parameters;;
RCM;ANS-C07/DG/CB.1;172.17.27.55;ANS-C07_B0158_MOS1_parameters;;
RCM;ANS-C08/DG/CB.1;172.17.27.24;ANS-C08_B0159_MOS1_parameters;;
RCM;ANS-C10/DG/CB.1;172.17.27.28;ANS-C10_B0728_MOS1_parameters;;
RCM;ANS-C11/DG/CB.1;172.17.27.31;ANS-C11_B0729_MOS1_parameters;;
RCM;ANS-C12/DG/CB.1;172.17.27.34;ANS-C12_B0163_MOS1_parameters;;
RCM;ANS-C13/DG/CB.1;172.17.27.36;ANS-C13_B0164_MOS1_parameters;;
RCM;ANS-C16/DG/CB.1;172.17.27.38;ANS-C16_B717_MOS2_parameters;;
RCM;ANS-C16/DG/CB.2;172.17.27.68;ANS-C16_B717_MOS1_parameters;;
RCM;BOO/RF/CB;172.17.27.1;BOO-CO.0.28_B0523_MOS1_parameters;;
RCM;BOO/RF/CB.2;172.17.27.69;BOO-CO.0.28_B0523_MOS2_parameters;;
RCM;D02-IR/VI/CB.1;172.17.27.6;ANS-C02_B0608_MOS1_parameters;;
RCM;D03-IR/VI/CB.1;172.17.27.11;ANS-C03_B0613_MOS1_parameters;;
RCM;LT1/DG/CB;172.17.27.2;LT1_B0824_MOS1_parameters;;
RCM;LT2/DG/CB;172.17.27.42;LT2_B0722_MOS1_parameters;;
RCM;ANS-C01/EP/MOS1-SEP_P_TRANS;172.17.27.73;ANS-C01_B0303_MOS1_parameters;;
RCM;TDL-D02-THZ/DG/CB.1;172.17.27.71;ANS-C03_B0611_MOS1_parameters;;
RCM;TDL-D04-2.85/CA/CB.1;172.17.27.16;ANS-C04_B0619_MOS1_parameters;;
RCM;TDL-D08-1/VI/CB.1;172.17.27.72;ANS-C08_B0636_MOS1_parameters;;
RCM;TDL-I03-C/VI/CB.1;172.17.27.12;ANS-C03_B0615_MOS1_parameters;;
RCM;TDL-I04-M/VI/CB.1;172.17.27.13;ANS-C04_B0617_MOS1_parameters;;
RCM;TDL-I06-C/VI/CB.1;172.17.27.21;ANS-C06_B0628_MOS1_parameters;;
RCM;TDL-I06-M/VI/CB.1;172.17.27.67;B1583_MOS3_parameters;;
RCM;TDL-I07-C/VI/CB.1;172.17.27.23;ANS-C07_B0634_MOS1_parameters;;
RCM;TDL-I07-M/VI/CB.1;172.17.27.22;ANS-C07_B0630_MOS1_parameters;;
RCM;TDL-I08-M/VI/CB.1;172.17.27.25;ANS-C08_B0633_MOS1_parameters;;
RCM;TDL-I10-C/VI/CB.1;172.17.27.29;ANS-C10_B0646_MOS1_parameters;;
RCM;TDL-I10-M/VI/CB.1;172.17.27.30;ANS-C10_B0642_MOS1_parameters;;
RCM;TDL-I11-C/VI/CB.1;172.17.27.33;ANS-C11_B0649_MOS1_parameters;;
RCM;TDL-I11-M/VI/CB.1;172.17.27.63;B1361_MOS1_parameters;;
RCM;TDL-I12-M/VI/CB.1;172.17.27.35;ANS-C12_B0651_MOS1_parameters;;
RCM;TDL-I13-L/VI/CB.1;172.17.27.65;B1500_MOS5_parameters;;
RCM;TDL-I14-C/VI/CB.1;172.17.27.54;ANS-C14_B0668_MOS1_parameters;;
RCM;TDL-I14-M/VI/CB.1;172.17.27.40;ANS-C14_B0662_MOS1_parameters;;
RCM;TDL-I15-C/VI/CB.1;172.17.27.43;ANS-C15_B0672_MOS1_parameters;;
RCM;TDL-I15-M/VI/CB.1;172.17.27.41;ANS-C15_B0665_MOS1_parameters;;
RCM;TDL-I16-M/VI/CB.1;172.17.27.39;ANS-C16_B0657_MOS1_parameters;;
;;;;;
;;;;;
AILES;D03-IR-C00/CA/BAI.1060-MOS.1-CB;172.20.20.48;B1060_MOS1_parameters;;
;;;;;
ANATOMIX;I13-LT-C00/CA/BAI.1541-MOS.1-CB;172.20.28.48;B1541_MOS1_parameters;;
ANATOMIX;I13-LT-C00/CA/BAI.1541-MOS.2-CB;172.20.28.49;B1541_MOS2_parameters;;
ANATOMIX;I13-LT-C00/CA/BAI.1541-MOS.3-CB;172.20.28.50;B1541_MOS3_parameters;;
ANATOMIX;I13-LT-C00/CA/BAI.1541-MOS.4-CB;172.20.28.51;B1541_MOS4_parameters;;
ANATOMIX;I13-LT-C00/CA/BAI.1541-MOS.5-CB;172.20.28.52;B1541_MOS5_parameters;;
ANATOMIX;I13-LT-C00/CA/BAI.1544-MOS.1-CB;172.20.28.53;B1544_MOS1_parameters;;
ANATOMIX;I13-LT-C00/CA/BAI.1544-MOS.2-CB;172.20.28.54;B1544_MOS2_parameters;;
ANATOMIX;I13-LT-C00/CA/BAI.1544-MOS.3-CB;172.20.28.55;B1544_MOS3_parameters;;
ANATOMIX;I13-LT-C00/CA/BAI.1544-MOS.4-CB;172.20.28.56;B1544_MOS4_parameters;;
ANATOMIX;I13-LT-C00/CA/BAI.1551-MOS.1-CB;172.20.28.62;B1551_MOS1_parameters;;
ANATOMIX;I13-LT-C00/CA/BAI.1551-MOS.2-CB;172.20.28.63;B1551_MOS2_parameters;;
ANATOMIX;I13-LT-C00/CA/BAI.1551-MOS.3-CB;172.20.28.64;B1551_MOS3_parameters;;
ANATOMIX;I13-LT-C00/CA/BAI.1551-MOS.4-CB;172.20.28.65;B1551_MOS4_parameters;;
ANATOMIX;I13-LT-C00/CA/BAI.1551-MOS.5-CB;172.20.28.66;B1551_MOS5_parameters;;
ANATOMIX;I13-LT-C00/CA/BAI.1552-MOS.1-CB;172.20.28.67;B1552_MOS1_parameters;;
ANATOMIX;I13-LT-C00/CA/BAI.1552-MOS.2-CB;172.20.28.68;B1552_MOS2_parameters;;
ANATOMIX;I13-LT-C00/CA/BAI.1552-MOS.3-CB;172.20.28.69;B1552_MOS3_parameters;;
ANATOMIX;I13-LT-C00/CA/BAI.1552-MOS.4-CB;172.20.28.70;B1552_MOS4_parameters;;
ANATOMIX;I13-LT-C00/CA/BAI.1552-MOS.5-CB;172.20.28.71;B1552_MOS5_parameters;;
ANATOMIX;I13-LT-C00/CA/BAI.1554-MOS.1-CB;172.20.28.72;B1554_MOS1_parameters;;
ANATOMIX;I13-LT-C00/CA/BAI.1554-MOS.2-CB;172.20.28.73;B1554_MOS2_parameters;;
ANATOMIX;I13-LT-C00/CA/BAI.1554-MOS.3-CB;172.20.28.74;B1554_MOS3_parameters;;
ANATOMIX;I13-LT-C00/CA/BAI.1554-MOS.4-CB;172.20.28.75;B1554_MOS4_parameters;;
ANATOMIX;I13-LT-C00/CA/BAI.1558-MOS.1-CB;172.20.28.76;B1558_MOS1_parameters;;
ANATOMIX;I13-LT-C00/CA/BAI.1558-MOS.2-CB;172.20.28.77;B1558_MOS2_parameters;;
ANATOMIX;I13-LT-C00/CA/BAI.1558-MOS.3-CB;172.20.28.78;B1558_MOS3_parameters;;
ANATOMIX;I13-LT-C00/CA/BAI.1558-MOS.4-CB;172.20.28.79;B1558_MOS4_parameters;;
ANATOMIX;I13-LT-C00/CA/BAI.1558-MOS.5-CB;172.20.28.80;B1558_MOS5_parameters;;
ANATOMIX;I13-LT-C00/CA/BAI.1600-MOS.2-CB;172.20.28.85;B1600_MOS2_parameters;;
ANATOMIX;I13-LT-C00/CA/BAI.1600-MOS.3-CB;172.20.28.86;B1600_MOS3_parameters;;
ANATOMIX;I13-LT-C00/CA/BAI.1600-MOS.4-CB;172.20.28.87;B1600_MOS4_parameters;;
;;;;;
ANTARES;I12-M-C00/CA/BAI.1301-MOS.1-CB;172.20.24.48;B1301_MOS1_parameters;;
ANTARES;I12-M-C00/CA/BAI.1301-MOS.2-CB;172.20.24.49;B1301_MOS2_parameters;;
ANTARES;I12-M-C00/CA/BAI.1301-MOS.3-CB;172.20.24.51;B1301_MOS3_parameters;;
ANTARES;I12-M-C00/CA/BAI.1302-MOS.1-CB;172.20.24.70;B1302_MOS1_parameters;;
ANTARES;I12-M-C00/CA/BAI.1316-MOS.1-CB;172.20.24.54;B1316_MOS1_parameters;;
;;;;;
CASSIOPEE;I15-M-C00/CA/BAI.1000-MOS.1-CB;172.20.17.49;B1000_MOS1_parameters;;
CASSIOPEE;I15-M-C00/CA/BAI.1000-MOS.2-CB;172.20.17.48;B1000_MOS2_parameters;;
CASSIOPEE;I15-M-C00/CA/BAI.1002-MOS.1-CB;172.20.17.50;B1002_MOS1_parameters;;
CASSIOPEE;I15-M-C00/CA/BAI.1002-MOS.2-CB;172.20.17.51;B1002_MOS2_parameters;;
;;;;;
CRISTAL;I06-C-C00/CA/BAI.1220-MOS.1-CB;172.20.16.54;B1220_MOS1_parameters;;
CRISTAL;I06-C-C00/CA/BAI.1220-MOS.2-CB;172.20.16.55;B1220_MOS2_parameters;;
CRISTAL;I06-C-C00/CA/BAI.1220-MOS.3-CB;172.20.16.56;B1220_MOS3_parameters;;
CRISTAL;I06-C-C00/CA/BAI.1221-MOS.1-CB;172.20.16.57;B1221_MOS1_parameters;;
CRISTAL;I06-C-C00/CA/BAI.1221-MOS.2-CB;172.20.16.58;B1221_MOS2_parameters;;
CRISTAL;I06-C-C00/CA/BAI.1223-MOS.1-CB;172.20.16.59;B1223_MOS1_parameters;;
CRISTAL;I06-C-C00/CA/BAI.1223-MOS.2-CB;172.20.16.60;B1223_MOS2_parameters;;
CRISTAL;I06-C-C00/CA/BAI.1223-MOS.3-CB;172.20.16.61;B1223_MOS3_parameters;;
CRISTAL;I06-C-C00/CA/BAI.1223-MOS.4-CB;172.20.16.62;B1223_MOS4_parameters;;
CRISTAL;I06-C-C00/CA/BAI.1223-MOS.5-CB;172.20.16.67;B1223_MOS5_parameters;;
CRISTAL;I06-C-C00/CA/BAI.1224-MOS.1-CB;172.20.16.63;B1224_MOS1_parameters;;
CRISTAL;I06-C-C00/CA/BAI.1224-MOS.2-CB;172.20.16.64;B1224_MOS2_parameters;;
CRISTAL;I06-C-C00/CA/BAI.1229-MOS.1-CB;172.20.16.73;B1229_MOS1_parameters;;
CRISTAL;I06-C-C00/CA/BAI.1229-MOS.2-CB;172.20.16.74;B1229_MOS2_parameters;;
CRISTAL;I06-C-C00/CA/BAI.1230-MOS.1-CB;172.20.16.72;B1230_MOS1_parameters;;
CRISTAL;I06-C-C00/CA/BAI.1231-MOS.1-CB;172.20.16.71;B1231_MOS1_parameters;;
;;;;;
DEIMOS;I07-M-C02/CA/BAI.1441-MOS.1-CB;172.20.8.48;B1441_MOS1_parameters;;
DEIMOS;I07-M-C02/CA/BAI.1441-MOS.2-CB;172.20.8.49;B1441_MOS2_parameters;;
DEIMOS;I07-M-C02/CA/BAI.1441-MOS.3-CB;172.20.8.50;B1441_MOS3_parameters;;
DEIMOS;I07-M-C02/CA/BAI.1443-MOS.1-CB;172.20.8.51;B1443_MOS1_parameters;;
DEIMOS;I07-M-C02/CA/BAI.1443-MOS.2-CB;172.20.8.54;B1443_MOS2_parameters;;
DEIMOS;I07-M-C02/CA/BAI.1445-MOS.1-CB;172.20.8.52;B1445_MOS1_parameters;;
DEIMOS;I07-M-C02/CA/BAI.1445-MOS.2-CB;172.20.8.53;B1445_MOS2_parameters;;
;;;;;
DESIRS;I05-L-C00/CA/BAI.1082-MOS.1-CB;172.20.5.48;B1082_MOS1_parameters;;
DESIRS;I05-L-C00/CA/BAI.1082-MOS.2-CB;172.20.5.49;B1082_MOS2_parameters;;
DESIRS;I05-L-C00/CA/BAI.1082-MOS.3-CB;172.20.5.50;B1082_MOS3_parameters;;
DESIRS;I05-l-C00/CA/BAI.SAPHIRS-MOS.1-CB;172.20.5.51;BAI.SAPHIRS_MOS1_parameters;;
;;;;;
DIFFABS;D13-1-C00/CA/BAI.1180-MOS.1-CB;172.20.14.48;B1180_MOS1_parameters;;
DIFFABS;D13-1-C00/CA/BAI.1183-MOS.1-CB;172.20.14.49;B1183_MOS1_parameters;;
DIFFABS;D13-1-C00/CA/BAI.1184-MOS.1-CB;172.20.14.50;B1184_MOS1_parameters;;
DIFFABS;D13-1-C00/CA/BAI.1184-MOS.2-CB;172.20.14.51;B1184_MOS2_parameters;;
DIFFABS;D13-1-C00/CA/BAI.1184-MOS.3-CB;172.20.14.60;B1184_MOS3_parameters;;
DIFFABS;D13-1-C00/CA/BAI.1185-MOS.1-CB;172.20.14.52;B1185_MOS1_parameters;;
DIFFABS;D13-1-C00/CA/BAI.1185-MOS2-CB;172.20.14.53;B1185_MOS2_parameters;;
DIFFABS;D13-1-C00/CA/BAI.1185-MOS.3-CB;172.20.14.54;B1185_MOS3_parameters;;
DIFFABS;D13-1-C00/CA/BAI.1185-MOS.4-CB;172.20.14.55;B1185_MOS4_parameters;;
DIFFABS;D13-1-C00/CA/BAI.1185-MOS.5-CB;172.20.14.56;B1185_MOS5_parameters;;
;;;;;
DISCO;d04-2.85-c00/ca/bai.1280-mos.1-cb;172.20.4.49;B1280_MOS1_parameters;;
DISCO;D04-2.85-C00/CA/BAI.1283-MOS.1-CB;172.20.4.48;B1283_MOS1_parameters;;
DISCO;Disco-BAI.1285/EXP/CB.1;172.20.4.50;B1285_MOS1_parameters;;
;;;;;
GALAXIES;I07-C-C00/CA/BAI.1340-MOS.1;172.20.22.48;B1340_MOS1_parameters;;
GALAXIES;I07-C-C00/CA/BAI.1340-MOS.2-CB;172.20.22.49;B1340_MOS2_parameters;;
GALAXIES;I07-C-C00/CA/BAI.1340-MOS.3-CB;172.20.22.50;B1340_MOS3_parameters;;
GALAXIES;I07-C-C00/CA/BAI.1340-MOS.4-CB;172.20.22.51;B1340_MOS4_parameters;;
GALAXIES;I07-C-C00/CA/BAI.1340-MOS.5-CB-QUART-ONDE;172.20.22.66;B1340_MOS5_QUART_ONDE_parameters;;
GALAXIES;I07-C-C00/CA/BAI.1341-MOS.1-CB;172.20.22.68;B1341_MOS1_parameters;;
GALAXIES;I07-C-C00/CA/BAI.1341-MOS.2-CB;172.20.22.69;B1341_MOS2_parameters;;
GALAXIES;I07-C-C00/CA/BAI.1341-MOS.3-CB;172.20.22.61;B1341_MOS3_parameters;;
GALAXIES;I07-C-C00/CA/BAI.1343-MOS.1-CB;172.20.22.62;B1343_MOS1_parameters;;
GALAXIES;I07-C-C00/CA/BAI.1343-MOS.2-CB;172.20.22.63;B1343_MOS2_parameters;;
GALAXIES;I07-C-C00/CA/BAI.1343-MOS.3-CB;172.20.22.64;B1343_MOS3_parameters;;
GALAXIES;I07-C-C00/CA/BAI.1343-MOS.4-CB;172.20.22.65;B1343_MOS4_parameters;;
GALAXIES;I07-C-C00/CA/BAI.1346-MOS.1-CB;172.20.22.70;B1346_MOS1_parameters;;
GALAXIES;I07-C-C00/CA/BAI.1347-MOS.1-CB;172.20.22.59;B1347_MOS1_parameters-HRM;;
GALAXIES;i07-c-c00/ca/BAI.CH-PREP-MOS.1-CB;172.20.22.67;BCH_PREP-MOS1_parameters;;
GALAXIES;i07-c-c00/ca/BAI.CH-PREP-MOS.2-CB;172.20.22.71;BCH_PREP-MOS2_parameters;;
;;;;;
HERMES;I10-M-C00/CA/BAI.1482-MOS.1-CB;172.20.29.48;B1482_MOS1_parameters;;
HERMES;I10-M-C00/CA/BAI.1482-MOS.2-CB;172.20.29.49;B1482_MOS2_parameters;;
HERMES;I10-M-C00/CA/BAI.1482-MOS.3-CB;172.20.29.50;B1482_MOS3_parameters;;
HERMES;I10-M-C00/CA/BAI.1482-MOS.4-CB;172.20.29.56;B1482_MOS4_parameters;;
HERMES;I10-M-C00/CA/BAI.1482-MOS.5-CB;172.20.29.57;B1482_MOS5_parameters;;
HERMES;I10-M-C00/CA/BAI.1483-MOS.1-CB;172.20.29.51;B1483_MOS1_parameters;;
HERMES;I10-M-C00/CA/BAI.1485-MOS.1-CB;172.20.29.54;B1485_MOS1_parameters;;
HERMES;I10-M-C00/CA/BAI.1485-MOS.2-CB;172.20.29.55;B1485_MOS2_parameters;;
;;;;;
LUCIA;I16-M-C00/CA/BAI.1101-MOS.1-CB;172.20.6.48;B1101_MOS1_parameters;;
LUCIA;I16-M-C00/CA/BAI.1101-MOS.2-CB;172.20.6.49;B1101_MOS2_parameters;;
LUCIA;I16-M-C00/CA/BAI.1101-MOS.3-CB;172.20.6.50;B1101_MOS3_parameters;;
LUCIA;I16-M-C00/CA/BAI.1101-MOS.4-CB;172.20.6.51;B1101_MOS4_parameters;;
LUCIA;I16-M-C00/CA/BAI.1103-MOS.1-CB;172.20.6.52;B1103_MOS1_parameters;;
LUCIA;I16-M-C00/CA/BAI.1103-MOS.2-CB;172.20.6.53;B1103_MOS2_parameters;;
LUCIA;I16-M-C00/CA/BAI.1103-MOS.3-CB;172.20.6.54;B1103_MOS3_parameters;;
LUCIA;I16-M-C00/CA/BAI.1103-MOS.4-CB;172.20.6.55;B1103_MOS4_parameters;;
;;;;;
MARS;D03-1-C00/CA/BAI.1240-MOS.1-CB;172.20.1.48;B1240_MOS1_parameters;;
MARS;D03-1-C00/CA/BAI.1240-MOS.2-CB;172.20.1.49;B1240_MOS2_parameters;;
MARS;D03-1-C00/CA/BAI.1240-MOS.3-CB;172.20.1.50;B1240_MOS3_parameters;;
MARS;D03-1-C00/CA/BAI.1240-MOS.4-CB;172.20.1.51;B1240_MOS4_parameters;;
MARS;D03-1-C00/CA/BAI.1241-MOS.1-CB;172.20.1.52;B1241_MOS1_parameters;;
MARS;D03-1-C00/CA/BAI.1242-MOS.1-CB;172.20.1.67;B1242_MOS1_parameters;;
MARS;D03-1-C00/CA/BAI.1243-MOS.1-CB;172.20.1.55;B1243_MOS1_parameters;;
MARS;D03-1-C00/CA/BAI.1243-MOS.2-CB;172.20.1.56;B1243_MOS2_parameters;;
MARS;D03-1-C00/CA/BAI.1243-MOS.3-CB;172.20.1.57;B1243_MOS3_parameters;;
MARS;D03-1-C00/CA/BAI.1243-MOS.4-CB;172.20.1.58;B1243_MOS4_parameters;;
MARS;D03-1-C00/CA/BAI.1244-MOS.1-CB;172.20.1.59;B1244_MOS1_parameters;;
MARS;D03-1-C00/CA/BAI.1244-MOS.2-CB;172.20.1.60;B1244_MOS2_parameters;;
MARS;D03-1-C00/CA/BAI.1244-MOS.3-CB;172.20.1.61;B1244_MOS3_parameters;;
MARS;D03-1-C00/CA/BAI.1244-MOS.5-CB;172.20.1.54;B1244_MOS5_parameters;;
MARS;D03-1-C00/CA/BAI.1245-MOS.1-CB;172.20.1.63;B1245_MOS1_parameters;;
MARS;D03-1-C00/CA/BAI.1245-MOS.2-CB;172.20.1.64;B1245_MOS2_parameters;;
MARS;D03-1-C00/CA/BAI.1245-MOS.3-CB;172.20.1.65;B1245_MOS3_parameters;;
MARS;D03-1-C00/CA/BAI.1245-MOS.4-CB;172.20.1.66;B1245_MOS4_parameters;;
MARS;D03-1-C00/CA/BAI.1245-MOS.5-CB;172.20.1.68;B1245_MOS5_parameters;;
;;;;;
METROLOGIE;D05-1-C00/CA/BAI.1321-MOS.1-CB;172.20.7.48;B1321_MOS1_parameters;;
METROLOGIE;D05-1-C00/CA/BAI.1321-MOS.2-CB;172.20.7.49;B1321_MOS2_parameters;;
METROLOGIE;D05-1-C00/CA/BAI.1321-MOS.3-CB;172.20.7.50;B1321_MOS3_parameters;;
METROLOGIE;D05-1-C00/CA/BAI.1321-MOS.4-CB;172.20.7.65;B1321_MOS4_parameters;;
METROLOGIE;D05-1-C00/CA/BAI.1322-MOS.1-CB;172.20.7.51;B1322_MOS1_parameters;;
METROLOGIE;D05-1-C00/CA/BAI.1322-MOS.2-CB;172.20.7.52;B1322_MOS2_parameters;;
METROLOGIE;D05-1-C00/CA/BAI.1322-MOS.3-CB;172.20.7.53;B1322_MOS3_parameters;;
METROLOGIE;D05-1-C00/CA/BAI.1322-MOS.4-CB;172.20.7.54;B1322_MOS4_parameters;;
METROLOGIE;D05-1-C00/CA/BAI.1324-MOS.1-CB;172.20.7.55;B1324_MOS1_parameters;;
METROLOGIE;D05-1-C00/CA/BAI.1324-MOS.2-CB;172.20.7.56;B1324_MOS2_parameters;;
METROLOGIE;D05-1-C00/CA/BAI.1324-MOS.3-CB;172.20.7.57;B1324_MOS3_parameters;;
METROLOGIE;D05-1-C00/CA/BAI.1324-MOS.4-CB;172.20.7.58;B1324_MOS4_parameters;;
METROLOGIE;D05-1-C00/CA/BAI.1325-MOS.1-CB;172.20.7.59;B1325_MOS1_parameters;;
METROLOGIE;D05-1-C00/CA/BAI.1325-MOS.2-CB;172.20.7.60;B1325_MOS2_parameters;;
METROLOGIE;D05-1-C00/CA/BAI.1327-MOS.1-CB;172.20.7.64;B1327_MOS1_parameters;;
METROLOGIE;D05-1-C00/CA/BAI.1328-MOS.1-CB;172.20.7.61;B1328_MOS1_parameters;;
METROLOGIE;D05-1-C00/CA/BAI.1328-MOS.2-CB;172.20.7.62;B1328_MOS2_parameters;;
METROLOGIE;D05-1-CX1/CA/BAI.1329-MOS.1-CB;172.20.7.67;B1329_MOS1_parameters;;
METROLOGIE;D05-1-CX1/CA/BAI.1329-MOS.2-CB;172.20.7.68;B1329_MOS2_parameters;;
;;;;;
NANOSCOPIUM;I13-LN-C00/CA/BAI.1500-MOS.1-CB;172.20.27.48;B1500_MOS1_parameters;;
NANOSCOPIUM;I13-LN-C00/CA/BAI.1500-MOS.2-CB;172.20.27.49;B1500_MOS2_parameters;;
NANOSCOPIUM;I13-LN-C00/CA/BAI.1500-MOS.3-CB;172.20.27.51;B1500_MOS3_parameters;;
NANOSCOPIUM;I13-LN-C00/CA/BAI.1500-MOS.4-CB;172.20.27.50;B1500_MOS4_parameters;;
NANOSCOPIUM;I13-LN-C00/CA/BAI.1504-MOS.1-CB;172.20.27.52;B1504_MOS1_parameters;;
NANOSCOPIUM;I13-LN-C00/CA/BAI.1504-MOS.2-CB;172.20.27.53;B1504_MOS2_parameters;;
NANOSCOPIUM;I13-LN-C00/CA/BAI.1504-MOS.3-CB;172.20.27.54;B1504_MOS3_parameters;;
NANOSCOPIUM;I13-LN-C00/CA/BAI.1504-MOS.5-CB;172.20.27.56;B1504_MOS5_parameters;;
NANOSCOPIUM;I13-LN-C00/CA/BAI.1505-MOS.1-CB;172.20.27.57;B1505_MOS1_parameters;;
NANOSCOPIUM;I13-LN-C00/CA/BAI.1505-MOS.2-CB;172.20.27.58;B1505_MOS2_parameters;;
NANOSCOPIUM;I13-LN-C00/CA/BAI.1513-MOS.1-CB;0.0.0.0;B1513_MOS1_parameters;;
NANOSCOPIUM;I13-LN-C00/CA/BAI.1513-MOS.2-CB;172.20.27.76;B1513_MOS2_parameters;;
NANOSCOPIUM;I13-LN-C00/CA/BAI.1513-MOS.3-CB;172.20.27.77;B1513_MOS3_parameters;;
NANOSCOPIUM;I13-LN-C00/CA/BAI.1513-MOS.4-CB;0.0.0.0;B1513_MOS4_parameters;;
NANOSCOPIUM;I13-LN-C00/CA/BAI.1513-MOS.5-CB;172.20.27.79;B1513_MOS5_parameters;;
NANOSCOPIUM;I13-LN-C00/CA/BAI.1514-MOS.1-CB;0.0.0.0;B1514_MOS1_parameters;;
NANOSCOPIUM;I13-LN-C00/CA/BAI.1514-MOS.2-CB;0.0.0.0;B1514_MOS2_parameters;;
NANOSCOPIUM;I13-LN-C00/CA/BAI.1514-MOS.3-CB;0.0.0.0;B1514_MOS3_parameters;;
NANOSCOPIUM;I13-LN-C00/CA/BAI.1514-MOS.4-CB;0.0.0.0;B1514_MOS4_parameters;;
NANOSCOPIUM;I13-LN-C00/CA/BAI.1514-MOS.5-CB;0.0.0.0;B1514_MOS5_parameters;;
NANOSCOPIUM;I13-LN-C00/CA/BAI.1515-MOS.1-CB;172.20.27.81;B1515_MOS1_parameters;;
NANOSCOPIUM;I13-LN-C00/CA/BAI.1515-MOS.2-CB;172.20.27.82;B1515_MOS2_parameters;;
NANOSCOPIUM;I13-LN-C00/CA/BAI.1515-MOS.3-CB;172.20.27.83;B1515_MOS3_parameters;;
NANOSCOPIUM;I13-LN-C00/CA/BAI.1515-MOS.4-CB;172.20.27.84;B1515_MOS4_parameters;;
NANOSCOPIUM;I13-LN-C00/CA/BAI.1518-MOS.1-CB;172.20.27.95;B1518_MOS1_parameters;;
NANOSCOPIUM;I13-LN-C00/CA/BAI.1520-MOS.1-CB;172.20.27.92;B1520_MOS1_parameters;;
NANOSCOPIUM;I13-LN-C00/CA/BAI.1521-MOS.1-CB;172.20.27.65;B1521_MOS1_parameters;;
NANOSCOPIUM;I13-LN-C00/CA/BAI.1522-MOS.1-CB;172.20.27.60;B1522_MOS1_parameters;;
NANOSCOPIUM;I13-LN-C00/CA/BAI.1522-MOS.2-CB;172.20.27.61;B1522_MOS2_parameters;;
NANOSCOPIUM;I13-LN-C00/CA/BAI.1522-MOS.3-CB;172.20.27.62;B1522_MOS3_parameters;;
NANOSCOPIUM;I13-LN-C00/CA/BAI.1522-MOS.4-CB;172.20.27.63;B1522_MOS4_parameters;;
NANOSCOPIUM;I13-LN-C00/CA/BAI.1523-MOS.1-CB;172.20.27.70;B1523_MOS1_parameters;;
NANOSCOPIUM;I13-LN-C00/CA/BAI.1523-MOS.2-CB;172.20.27.71;B1523_MOS2_parameters;;
NANOSCOPIUM;I13-LN-C00/CA/BAI.1523-MOS.3-CB;172.20.27.72;B1523_MOS3_parameters;;
NANOSCOPIUM;I13-LN-C00/CA/BAI.1523-MOS.4-CB;172.20.27.73;B1523_MOS4_parameters;;
NANOSCOPIUM;I13-LN-C00/CA/BAI.1524-MOS.1-CB;172.20.27.80;B1524_MOS1_parameters;;
NANOSCOPIUM;I13-LN-C00/CA/BAI.1524-MOS.2-CB;172.20.27.88;B1524_MOS2_parameters;;
NANOSCOPIUM;I13-LN-C00/CA/BAI.1525-MOS.2-CB;172.20.27.90;B1525_MOS2_parameters;;
NANOSCOPIUM;I13-LN-C00/CA/BAI.1526-MOS.1-CB;172.20.27.91;B1526_MOS1_parameters;;
NANOSCOPIUM;I13-LN-C00/CA/BAI.1526-MOS.2-CB;172.20.27.96;B1526_MOS2_parameters;;
NANOSCOPIUM;I13-LN-C00/CA/BAI.1527-MOS.1-CB;172.20.27.94;B1527_MOS1_parameters;;
;;;;;
ODE;D01-1-C00/CA/BAI.1024-MOS.1-CB;172.20.18.48;B1024_MOS1_parameters;;
ODE;D01-1-C00/CA/BAI.1024-MOS.2-CB;172.20.18.49;B1024_MOS2_parameters;;
ODE;D01-1-C00/CA/BAI.1024-MOS.3-CB;172.20.18.50;B1024_MOS3_parameters;;
ODE;D01-1-C00/CA/BAI.1024-MOS.4-CB;172.20.18.51;B1024_MOS4_parameters;;
ODE;D01-1-C00/CA/BAI.1024-MOS.5-CB;172.20.18.52;B1024_MOS5_parameters;;
ODE;D01-1-C00/CA/BAI.1025-MOS.1-CB;172.20.18.53;B1025_MOS1_parameters;;
ODE;D01-1-C00/CA/BAI.1025-MOS.2-CB;172.20.18.54;B1025_MOS2_parameters;;
ODE;D01-1-C00/CA/BAI.1025-MOS.3-CB;172.20.18.55;B1025_MOS3_parameters;;
ODE;D01-1-C00/CA/BAI.1025-MOS.4-CB;172.20.18.56;B1025_MOS4_parameters;;
ODE;D01-1-C00/CA/BAI.1025-MOS.5-CB;172.20.18.57;B1025_MOS5_parameters;;
;;;;;
PLEIADES;I04-M-C00/CA/BAI.1262-MOS.1-CB;172.20.3.48;B1262_MOS1_parameters;;
PLEIADES;I04-M-C00/CA/BAI.1262-MOS.2-CB;172.20.3.49;B1262_MOS2_parameters;;
PLEIADES;I04-M-C00/CA/BAI.1262-MOS.3-CB;172.20.3.50;B1262_MOS3_parameters;;
PLEIADES;I04-M-C00/CA/BAI.1262-MOS.4-CB;172.20.3.51;B1262_MOS4_parameters;;
PLEIADES;I04-M-C00/CA/MINI_BAI-MOS.1-CB;172.20.3.54;B1267_MOS1-MINI_BAI_parameters;;
PLEIADES;I04-M-C00/CA/BAI.BATI5-MOS1.1-CB;172.20.3.53;BATI5-MOS1_parameters;;
PLEIADES;I04-M-C00/CA/MPSC-MOS.1-CB;172.20.3.52;MPSC_MOS1_parameters;;
;;;;;
PX1;I10-C-C00/CA/BAI.1141-MOS.1-CB;172.20.11.48;B1141_MOS1_parameters;;
PX1;I10-C-C00/CA/BAI.1142-MOS.1-CB;172.20.11.49;B1142_MOS1_parameters;;
PX1;I10-C-C00/CA/BAI.1142-MOS.2-CB;172.20.11.50;B1142_MOS2_parameters;;
PX1;I10-C-C00/CA/BAI.1142-MOS.3-cb;172.20.11.58;B1142_MOS3_parameters;;
PX1;I10-C-C00/CA/BAI.1143-MOS.1-CB;172.20.11.51;B1143_MOS1_parameters;;
PX1;I10-C-C00/CA/BAI.1143-MOS.2-CB;172.20.11.52;B1143_MOS2_parameters;;
PX1;I10-C-C00/CA/BAI.1143-MOS.3-CB;172.20.11.53;B1143_MOS3_parameters;;
PX1;I10-C-C00/CA/BAI.1143-MOS.4-CB;172.20.11.54;B1143_MOS4_parameters;;
PX1;I10-C-C00/CA/BAI.1143-MOS.5-CB;172.20.11.55;B1143_MOS5_parameters;;
PX1;I10-C-C00/CA/BAI.1146-MOS.1-CB;172.20.11.60;B1146_MOS1_parameters;;
PX1;I10-C-C00/CA/BAI.1147-MOS.1-CB;172.20.11.61;B1147_MOS1_parameters;;
;;;;;
PX2;I11-MA-C00/CA/BAI.1361-MOS.2-CB;172.20.10.48;B1361_MOS2_parameters;;
PX2;I11-MA-C00/CA/BAI.1362-MOS.1-CB;172.20.10.49;B1362_MOS1_parameters;;
PX2;I11-MA-C00/CA/BAI.1362-MOS.2-CB;172.20.10.50;B1362_MOS2_parameters;;
PX2;I11-MA-C00/CA/BAI.1362-MOS.3-CB;172.20.10.51;B1362_MOS3_parameters;;
PX2;I11-MA-C00/CA/BAI.1363-MOS.1-CB;172.20.10.52;B1363_MOS1_parameters;;
PX2;I11-MA-C00/CA/BAI.1363-MOS.2-CB;172.20.10.53;B1363_MOS2_parameters;;
PX2;I11-MA-C00/CA/BAI.1363-MOS.3-CB;172.20.10.54;B1363_MOS3_parameters;;
PX2;I11-MA-C00/CA/BAI.1363-MOS.4-CB;172.20.10.61;B1363_MOS4_parameters;;
PX2;I11-MA-C00/CA/BAI.1363-MOS.5-CB;172.20.10.62;B1363_MOS5_parameters;;
PX2;I11-MA-C00/CA/BAI.1364-MOS.1;172.20.10.55;B1364_MOS1_parameters;;
PX2;I11-MA-C00/CA/BAI.1364-MOS.2;172.20.10.56;B1364_MOS2_parameters;;
PX2;I11-MA-C00/CA/BAI.1364-MOS.3;172.20.10.57;B1364_MOS3_parameters;;
PX2;I11-MA-C00/CA/BAI.1364-MOS.4;172.20.10.59;B1364_MOS4_parameters;;
PX2;I11-MA-C00/CA/BAI.1364-MOS.5-CB;172.20.10.58;B1364_MOS5_parameters;;
PX2;I11-MA-C00/CA/BAI.1365-MOS.1;172.20.10.60;B1365_MOS1_parameters;;
;;;;;
PSICHE;I03-C-C00/CA/BAI.1401-MOS.1-CB;172.20.2.48;B1401_MOS1_parameters;;
PSICHE;I03-C-C00/CA/BAI.1401-MOS.2-CB;172.20.2.49;B1401_MOS2_parameters;;
PSICHE;I03-C-C00/CA/BAI.1401-MOS.3-CB;172.20.2.50;B1401_MOS3_parameters;;
PSICHE;I03-C-C00/CA/BAI.1401-MOS.4-CB;172.20.2.51;B1401_MOS4_parameters;;
PSICHE;I03-C-C00/CA/BAI.1402-MOS.1-CB;172.20.2.52;B1402_MOS1_parameters;;
PSICHE;I03-C-C00/CA/BAI.1402-MOS.2-CB;172.20.2.53;B1402_MOS2_parameters;;
PSICHE;I03-C-C00/CA/BAI.1402-MOS.3-CB;172.20.2.54;B1402_MOS3_parameters;;
PSICHE;I03-C-C00/CA/BAI.1402-MOS.4-CB;172.20.2.55;B1402_MOS4_parameters;;
PSICHE;I03-C-C00/CA/BAI.1402-MOS.5-CB;172.20.2.56;B1402_MOS5_parameters;;
PSICHE;I03-C-C00/CA/BAI.1403-MOS.1-CB;172.20.2.57;B1403_MOS1_parameters;;
PSICHE;I03-C-C00/CA/BAI.1403-MOS.2-CB;172.20.2.58;B1403_MOS2_parameters;;
PSICHE;I03-C-C00/CA/BAI.1403-MOS.3-CB;172.20.2.59;B1403_MOS3_parameters;;
PSICHE;I03-C-C00/CA/BAI.1403-MOS.4-CB;172.20.2.60;B1403_MOS4_parameters;;
PSICHE;I03-C-C00/CA/BAI.1403-MOS.5-CB;172.20.2.61;B1403_MOS5_parameters;;
PSICHE;I03-C-C00/CA/BAI.1404-MOS.2-CB;172.20.2.63;B1404_MOS2_parameters;;
PSICHE;I03-C-C00/CA/BAI.1404-MOS.3-CB;172.20.2.64;B1404_MOS3_parameters;;
PSICHE;I03-C-C00/CA/BAI.1404-MOS.4-CB;172.20.2.65;B1404_MOS4_parameters;;
PSICHE;i03-c-c00/ca/bai.1404-mos.5-cb;172.20.2.67;B1404_MOS5_parameters;;
PSICHE;I03-C-C00/CA/BAI.1406-MOS.1-CB;172.20.2.62;B1406_MOS1_parameters;;
PSICHE;i03-c-c00/ca/bai.1406-mos.2-cb;172.20.2.66;B1406_MOS2_parameters;;
;;;;;
PUMA;I06-M-C00/CA/BAI.1582-MOS.1-CB;172.20.30.48;B1582_MOS1_parameters;;
PUMA;I06-M-C00/CA/BAI.1582-MOS.2-CB;172.20.30.49;B1582_MOS2_parameters;;
PUMA;I06-M-C00/CA/BAI.1582-MOS.3-CB;172.20.30.50;B1582_MOS3_parameters;;
PUMA;I06-M-C00/CA/BAI.1582-MOS.4-CB;172.20.30.51;B1582_MOS4_parameters;;
PUMA;I06-M-C00/CA/BAI.1583-MOS.1-CB;172.20.30.52;B1583_MOS1_parameters;;
PUMA;I06-M-C00/CA/BAI.1583-MOS.2-CB;172.20.30.53;B1583_MOS2_parameters;;
PUMA;I06-M-C00/CA/BAI.1585-MOS.1-CB;172.20.30.54;B1585_MOS1_parameters;;
PUMA;I06-M-C00/CA/BAI.1585-MOS.2-CB;172.20.30.55;B1585_MOS2_parameters;;
PUMA;I06-M-C00/CA/BAI.1585-MOS.3-CB;172.20.30.56;B1585_MOS3_parameters;;
PUMA;I06-M-C00/CA/BAI.1585-MOS.4-CB;172.20.30.57;B1585_MOS4_parameters;;
PUMA;I06-M-C00/CA/BAI.1585-MOS.5-CB;172.20.30.58;B1585_MOS5_parameters;;
PUMA;I06-M-C00/CA/BAI.1586-MOS.1-CB;172.20.30.59;B1586_MOS1_parameters;;
PUMA;I06-M-C00/CA/BAI.1586-MOS.2-CB;172.20.30.60;B1586_MOS2_parameters;;
;;;;;
ROCK;D12-1-C00/CA/BAI.1562-MOS.1-CB;172.20.31.48;B1562_MOS1_parameters;;
ROCK;D12-1-C00/CA/BAI.1562-MOS.2-CB;172.20.31.49;B1562_MOS2_parameters;;
ROCK;D12-1-C00/CA/BAI.1563-MOS.1-CB;172.20.31.51;B1563_MOS1_parameters;;
ROCK;D12-1-C00/CA/BAI.1563-MOS.2-CB;172.20.31.52;B1563_MOS2_parameters;;
ROCK;D12-1-C00/CA/BAI.1563-MOS.3-CB;172.20.31.53;B1563_MOS3_parameters;;
ROCK;D12-1-C00/CA/BAI.1563-MOS.4-CB;172.20.31.54;B1563_MOS4_parameters;;
ROCK;D12-1-C00/CA/BAI.1566-MOS.1-CB;172.20.31.56;B1566_MOS1_parameters;;
ROCK;D12-1-C00/CA/BAI.1566-MOS.2-CB;172.20.31.57;B1566_MOS2_parameters;;
ROCK;D12-1-C00/CA/BAI.1566-MOS.3-CB;172.20.31.58;B1566_MOS3_parameters;;
;;;;;
SAMBA;D09-1-C00/CA/BAI.1120-MOS.1-CB;172.20.9.48;B1120_MOS1_parameters;;
SAMBA;D09-1-C00/CA/BAI.1120-MOS.2-CB;172.20.9.49;B1120_MOS2_parameters;;
SAMBA;D09-1-C00/CA/BAI.1120-MOS.3-CB;172.20.9.50;B1120_MOS3_parameters;;
SAMBA;D09-1-C00/CA/BAI.1124-MOS.1-CB;172.20.9.54;B1124_MOS1_parameters;;
SAMBA;D09-1-C00/CA/BAI.1124-MOS.2-CB;172.20.9.55;B1124_MOS2_parameters;;
SAMBA;D09-1-C00/CA/BAI.1124-MOS.3-CB;172.20.9.56;B1124_MOS3_parameters;;
SAMBA;D09-1-C00/CA/BAI.1128-MOS.1-CB;172.20.9.59;B1128_MOS1_parameters;;
SAMBA;D09-1-C00/CA/BAI.1132-MOS.1-CB;172.20.9.57;B1132_MOS1_parameters;;
;;;;;
SEXTANTS;I14-M-C00/CA/BAI.1422-MOS.1-CB;172.20.13.51;B1422_MOS1_parameters;;
SEXTANTS;I14-M-C00/CA/BAI.1422-MOS.2-CB;172.20.13.55;B1422_MOS2_parameters;;
SEXTANTS;I14-M-C00/CA/BAI.1422-mos.3-cb;172.20.13.60;B1422_MOS3_parameters;;
SEXTANTS;I14-M-C00/CA/BAI.1424-MOS.1-CB;172.20.13.48;B1424_MOS1_parameters;;
SEXTANTS;I14-M-C00/CA/BAI.1424-MOS.2-CB;172.20.13.49;B1424_MOS2_parameters;;
SEXTANTS;I14-M-C00/CA/BAI.1425-MOS.1-CB;172.20.13.50;B1425_MOS1_parameters;;
SEXTANTS;I14-M-C00/CA/BAI.1426-MOS.1-CB;172.20.13.52;B1426_MOS1_parameters;;
SEXTANTS;I14-M-C00/CA/BAI.1426-MOS.2-CB;172.20.13.53;B1426_MOS2_parameters;;
SEXTANTS;I14-M-C00/CA/BAI.1427-MOS.1-CB;172.20.13.54;B1427_MOS1_parameters;;
SEXTANTS;I14-M-C00/CA/BAI.1427-MOS.2-CB;172.20.13.65;B1427_MOS2_parameters;;
SEXTANTS;I14-M-C00/CA/BAI.1428-MOS.1-CB;172.20.13.56;B1428_MOS1_parameters;;
SEXTANTS;I14-M-C00/CA/BAI.1428-MOS.2-CB;172.20.13.57;B1428_MOS2_parameters;;
SEXTANTS;I14-M-C00/CA/BAI.1428-MOS.3-CB;172.20.13.61;B1428_MOS3_parameters;;
SEXTANTS;I14-M-C00/CA/BAI.1429-MOS.1-CB;172.20.13.58;B1429_MOS1_parameters;;
SEXTANTS;I14-M-C00/CA/BAI.1429-MOS.2-CB;172.20.13.59;B1429_MOS2_parameters;;
SEXTANTS;I14-M-C00/CA/BAI.1429-MOS.3-CB;172.20.13.62;B1429_MOS3_parameters;;
SEXTANTS;I14-M-C00/CA/BAI.1431-MOS.1-CB;172.20.13.63;B1431_MOS1_parameters;;
SEXTANTS;I14-M-C00/CA/BAI.1431-MOS.2-CB;172.20.13.66;B1431_MOS2_parameters;;
SEXTANTS;I14-M-C00/CA/BAI.1432-MOS.1-CB;172.20.13.64;B1432_MOS1_parameters;;
;;;;;
SIRIUS;I15-C-C00/CA/BAI.1381-MOS.1-CB;172.20.21.53;B1381_MOS1_parameters;;
SIRIUS;I15-C-C00/CA/BAI.1382-MOS.1-CB;172.20.21.54;B1382_MOS1_parameters;;
SIRIUS;I15-C-C00/CA/BAI.1382-MOS.2-CB;172.20.21.55;B1382_MOS2_parameters;;
SIRIUS;I15-C-C00/CA/BAI.1382-MOS.3-CB;172.20.21.56;B1382_MOS3_parameters;;
SIRIUS;I15-C-C00/CA/BAI.1384-MOS.1-CB;172.20.21.57;B1384_MOS1_parameters;;
SIRIUS;I15-C-C00/CA/BAI.1384-MOS.2-CB;172.20.21.58;B1384_MOS2_parameters;;
SIRIUS;I15-C-C00/CA/BAI.1384-MOS.3-CB;172.20.21.59;B1384_MOS3_parameters;;
SIRIUS;I15-C-C00/CA/BAI.1384-MOS.4-CB;172.20.21.60;B1384_MOS4_parameters;;
SIRIUS;I15-C-C00/CA/BAI.1385-MOS.1-CB;172.20.21.61;B1385_MOS1_parameters;;
SIRIUS;I15-C-C00/CA/BAI.1385-MOS.2-CB;172.20.21.62;B1385_MOS2_parameters;;
SIRIUS;I15-C-C00/CA/BAI.1385-MOS.3-CB;172.20.21.63;B1385_MOS3_parameters;;
SIRIUS;I15-C-C00/CA/BAI.1385-MOS.4-CB;172.20.21.64;B1385_MOS4_parameters;;
SIRIUS;I15-C-C00/CA/BAI.1387-MOS.1-CB;172.20.21.65;B1387_MOS1_parameters;;
SIRIUS;I15-C-C00/CA/BAI.1387-MOS.2-CB;172.20.21.68;B1387_MOS2_parameters;;
SIRIUS;I15-C-C00/CA/BAI.1389-MOS.1-CB;172.20.21.67;B1389_MOS1_parameters;;
;;;;;
SIXS;I14-C-C00/CA/BAI.1462-MOS.1-CB;172.20.23.51;B1462_MOS1_parameters;;
SIXS;I14-C-C00/CA/BAI.1462-MOS.2-CB;172.20.23.52;B1462_MOS2_parameters;;
SIXS;I14-C-C00/CA/BAI.1462-MOS.3-CB;172.20.23.53;B1462_MOS3_parameters;;
SIXS;I14-C-C00/CA/BAI.1462-MOS.4-CB;172.20.23.54;B1462_MOS4_parameters;;
SIXS;I14-C-C00/CA/BAI.1462-MOS.5-CB;172.20.23.55;B1462_MOS5_parameters;;
SIXS;I14-C-C00/CA/BAI.1463-MOS.1-CB;172.20.23.63;B1463_MOS1_parameters;;
SIXS;I14-C-C00/CA/BAI.1463-MOS.2-CB;172.20.23.65;B1463_MOS2_parameters;;
SIXS;I14-C-C00/CA/BAI.1463-MOS.3-CB;172.20.23.66;B1463_MOS3_parameters;;
SIXS;I14-C-C00/CA/BAI.1463-MOS.4-CB;172.20.23.64;B1463_MOS4_parameters;;
SIXS;I14-C-C00/CA/BAI.1463-MOS.5-CB;172.20.23.67;B1463_MOS5_parameters;;
SIXS;I14-C-C00/CA/BAI.1464-MOS.1-CB;172.20.23.56;B1464_MOS1_parameters;;
SIXS;I14-C-C00/CA/BAI.1464-MOS.2-CB;172.20.23.57;B1464_MOS2_parameters;;
SIXS;I14-C-C00/CA/BAI.1470-MOS.1-CB;172.20.23.62;B1470_MOS1_parameters;;
;;;;;
SMIS;D02-IR-C00/CA/BAI.1040-MOS.1-CB;172.20.19.48;B1040_MOS1_parameters;;
SMIS;D02-IR-C00/CA/BAI.1040-MOS.2-CB;172.20.19.49;B1040_MOS2_parameters;;
SMIS;D02-IR-C00/CA/BAI.1041-MOS.1-CB;172.20.19.50;B1041_MOS1_parameters;;
;;;;;
SWING;I11-C-C00/CA/BAI.1160-MOS.1-CB;172.20.12.48;B1160_MOS1_parameters;;
SWING;I11-C-C00/CA/BAI.1160-MOS.2-CB;172.20.12.49;B1160_MOS2_parameters;;
SWING;I11-C-C00/CA/BAI.1160-MOS.3-CB;172.20.12.50;B1160_MOS3_parameters;;
SWING;I11-C-C00/CA/BAI.1161-MOS.1-CB;172.20.12.51;B1161_MOS1_parameters;;
SWING;I11-C-C00/CA/BAI.1161-MOS.2-CB;172.20.12.52;B1161_MOS2_parameters;;
SWING;I11-C-C00/CA/BAI.1163-MOS.1-CB;172.20.12.53;B1163_MOS1_parameters;;
SWING;I11-C-C00/CA/BAI.1163-MOS.2-CB;172.20.12.54;B1163_MOS2_parameters;;
SWING;I11-C-C00/CA/BAI.1163-MOS.3-CB;172.20.12.55;B1163_MOS3_parameters;;
SWING;I11-C-C00/CA/BAI.1163-MOS.4-CB;172.20.12.60;B1163_MOS4_parameters;;
SWING;I11-C-C00/CA/BAI.1163-MOS.5-CB;172.20.12.61;B1163_MOS5_parameters;;
SWING;I11-C-C00/CA/BAI.1164-MOS.1-CB;172.20.12.56;B1164_MOS1_parameters;;
SWING;I11-C-C00/CA/BAI.1164-MOS.2-CB;172.20.12.57;B1164_MOS2_parameters;;
SWING;I11-C-C00/CA/BAI.1164-MOS.3-CB;172.20.12.58;B1164_MOS3_parameters;;
;;;;;
TEMPO;I08-M-C00/CA/BAI.1201-MOS.1-CB;172.20.15.48;B1201_MOS1_parameters;;
TEMPO;I08-M-C00/CA/BAI.1201-MOS.2-CB;172.20.15.49;B1201_MOS2_parameters;;
TEMPO;I08-M-C00/CA/BAI.1203-MOS.1-CB.l;172.20.15.50;B1203_MOS1_parameters;;
TEMPO;I08-M-C00/CA/BAI.1205-MOS.1-CB;172.20.15.51;B1205_MOS1_parameters;;
;;;;;
ISAC;plop;172.16.3.65;Labo_ISAC_CB1_parameters;;
ISAC;plop;172.16.3.68;Labo_ISAC_CB2_parameters;;
ISAC;plop;172.16.3.266;Labo_ISAC_CBError;;
